1996,összes,Feladatok,Tornyai_feladatok_1997.pdf
1996,összes,Megoldások,Tornyai_megoldasok_1997.pdf
1997,összes,Feladatok,Tornyai_feladatok_1998.pdf
1997,összes,Megoldások,Tornyai_megoldasok_1998.pdf
1998,összes,Feladatok,Tornyai_feladatok_1999.pdf
1998,összes,Megoldások,Tornyai_megoldasok_1999.pdf
1999,összes,Feladatok,Tornyai_feladatok_2000.pdf
1999,összes,Megoldások,Tornyai_megoldasok_2000.pdf
2000,összes,Feladatok,Tornyai_feladatok_2001.pdf
2000,összes,Megoldások,Tornyai_megoldasok_2001.pdf
2001,összes,Feladatok,Tornyai_feladatok_2002.pdf
2001,összes,Megoldások,Tornyai_megoldasok_2002.pdf
2002,összes,Feladatok,Tornyai_feladatok_2003.pdf
2002,összes,Megoldások,Tornyai_megoldasok_2003.pdf
2003,összes,Feladatok,Tornyai_feladatok_2004.pdf
2003,összes,Megoldások,Tornyai_megoldasok_2004.pdf
2004,összes,Feladatok,Tornyai_feladatok_2005.pdf
2004,összes,Megoldások,Tornyai_megoldasok_2005.pdf
2005,összes,Feladatok,Tornyai_feladatok_2006.pdf
2005,összes,Megoldások,Tornyai_megoldasok_2006.pdf
2006,összes,Feladatok,Tornyai_feladatok_2007.pdf
2006,összes,Megoldások,Tornyai_megoldasok_2007.pdf
2007,összes,Feladatok,Tornyai_feladatok_2008.pdf
2007,összes,Megoldások,Tornyai_megoldasok_2008.pdf
2008,összes,Feladatok,Tornyai_feladatok_2009.pdf
2008,összes,Megoldások,Tornyai_megoldasok_2009.pdf
2009,összes,Feladatok,Tornyai_feladatok_2010.pdf
2009,összes,Megoldások,Tornyai_megoldasok_2010.pdf
2010,összes,Feladatok,Tornyai_feladatok_2011.pdf
2010,összes,Megoldások,Tornyai_megoldasok_2011.pdf
2011,összes,Feladatok,Tornyai_feladatok_2012.pdf
2011,összes,Megoldások,Tornyai_megoldasok_2012.pdf
2012,összes,Feladatok,Tornyai_feladatok_2013.pdf
2013,összes,Feladatok,Tornyai_feladatok_2014.pdf
2013,összes,Megoldások,Tornyai_megoldasok_2014.pdf
2014,összes,Feladatok,Tornyai_feladatok_2015.pdf
2014,összes,Megoldások,Tornyai_megoldasok_2015.pdf
2015,összes,Feladatok,Tornyai_feladatok_2016.pdf
2015,összes,Megoldások,Tornyai_megoldasok_2016.pdf
